Albert-Mulyukov,Albert Mulyukov
Aleksandr-Belozertsev,Aleksandr Belozertsev
Aleksandr-Shemenev,Aleksandr Shemenev
Aleksandra-Khar,Aleksandra Khar
AlexanderRubinstein,Alexander Rubinstein
Alexandr-Tolmachev,Alexandr Tolmachev
AlexeyVatolin,Alexey Vatolin
Alina-Samokhina,Alina Samokhina
Alisa-Shabalina,Alisa Shabalina
Anastasia874, Anastasia Motrenko 
AndreyPikunov,Andrey Pikunov
AndreyStroganov,Andrey Stroganov
Angelina-Yaroshenko,Angelina Yaroshenko
Anna-Kurilovich,Anna Kurilovich
Anton-Cherepkov,Anton Cherepkov
Anton-Sidorenko,Anton Sidorenko
ApostolAnt,Anton Bishuk
Artem-Tolkanev,Artem Tolkanev
ArtemSolomatin,Artem Solomatin
AtlasKirill,Kirill Akimov
Badbadr,Kamil Badrutdinov
Binpord,Vadim  Shiianov
Cvatos,Cvatos (???)
DanielGonchar,Daniel Gonchar
Daniil-Selikhanovych,Daniil Selikhanovych
DmitriiProshutinskii,Dmitrii Proshutinskii
DonVladon,Vlad Smirnov 
Dorokhin-Semyon,Semyon Dorokhin
Elvira-Zainulina,Elvira Zainulina
EmtsevDaniil,Daniil Emtsev
EugeniaVeselova,Eugenia Veselova
Fyaushev,F. Yaushev
GrachevaAS,Anastasiya Gracheva
GrebenkovaO,Olga Grebenkova
GubanovSergey,Sergey Gubanov
HiTF,Ilya Ryakin 
Ibragim-Kurashov,Ibragim Kurashov
IgorSokoloff,Igor Sokoloff
Ilya1510,Ilya1510  (???)
Ilyas979,Ilyas979  (???)
Inkln, Alexander Ivanov 
Ivan-Borodulin,Ivan Borodulin
Ivan-Razumov,Ivan Razumov
Ivanova-Ekaterina,Ekaterina Ivanova
KirillTushin,Kirill Tushin
KiselevaElizaveta,Elizaveta Kiseleva
Konstantin-Iakovlev,Konstantin Iakovlev
Leonid-Erlygin,Leonid Erlygin
LinNikMIPT,Nikita Lindemann 
Maxim-Hristolubov,Maxim Khristolubov
MikeLepekhin,Mike Lepekhin (???)
MironKuznetsov,Miron Kuznetsov
MrNightSky,MrNightSky (???)
Nail-Gilmutdinov,Nail Gilmutdinov
Natalia-Basimova,Natalia Basimova
Natalia-Varenik,Natalia Varenik
NechepurencoIvan,Ivan Nechepurenco
Nerkan78 ,Nerkan78  (???)
Nikita-Dudorov,Nikita Dudorov
Nikita-Voskresenskiy,Nikita Voskresenskiy
Nikolay-Balakin,Nikolay Balakin
Nikolay-Gerasimenko,Nikolay Gerasimenko
Nikolay-Goryan,Nikolay Goryan
Nikolay-Savelev,Nikolay Savelev
Olga-Gribova,Olga Gribova
PanchenkoSviatoslav,Sviatoslav Panchenko
PankratovViktor,Viktor Pankratov
PaulZakharov, Pavel Zakharov 
Petrov-Evgeny,Evgeny Petrov
Rezyapkin-Vyacheslav,Vyacheslav Rezyapkin
Rustem-Islamov,Rustem Islamov
Sadiev1998,Abdurakhmon Sadiev
Sergey-Pastukhov,Sergey Pastukhov
Silya-1,Ilya Selnitskiy 
SmirnovVlad,Smirnov Vlad
Sofia-Mukhitdinova,Sofia Mukhitdinova
StasOkrug,Stas Okrug
Stepan-Makarenko,Stepan Makarenko
StislavM,Stanislav Murlatov
Tatiana-Golubeva,Tatiana Golubeva
Telenkov-Dmitry,Dmitry Telenkov
TheRealBazhen,Andrei Bazhenov
Tonchik-hv,Tonchik-hv  (???)
TovkesArtem,Artem Tovkes
Tsaritsyn,Tsaritsyn (???)
Ulia-Demidova,Uliana Demidova
UlitinAU,UlitinAU (???)
Valentin-Buchnev,Valentin Buchnev
ValeriyMarkin,Valeriy Markin
Viktor-Nochevkin,Viktor Nochevkin
Vitalgor,Vitalgor (???)
Vladimir-Baymakov,Vladimir Baymakov
Vladimir-Kachesov,Vladimir Kachesov
Vladimir-Konovalov,Vladimir Konovalov
VladislavTominin,Vladislav Tominin
Yaroslav-Murzaev,Yaroslav Murzaev
Yaroslav-Tominin,Yaroslav Tominin
Yozh2,Nikolai Gaiduchenko
Yuriy-Kanygin,Yuriy Kanygin
ZVlaDreamer,ZVlaDreamer  (???)
Zhenya-Strelkova,Evgeniya Strelkova
aduenko,Alexander Aduenko
alartum,Aleksandr Artemenkov 
aleasims,Alexander Evgin
aleksey-kazakov,Aleksey Kazakov
alex-kozinov,Alex Kozinov
alexey-grigorev,Alexey Grigorev
alexgalayda,Alexgalayda  (???)
alexseppar,Alexseppar  (???)
aminovT,AminovT  (???)
anastasiya-zhiboedova,Anastasiya Zhiboedova
anbeznosikov,Anbeznosikov  (???)
andriygav,Andrii Hraboviy 
anton-trusov,Anton Trusov
anton39reg,Anton39reg  (???)
anvilarth,Andrey Filatov 
artemtorlak,Artemtorlak  (???)
awwcorey,Awwcorey  (???)
bahleg,Oleg Bakhteev
borisova-anastasia,Anastasia Borisova 
brusoman,Alexandr Borisov
change-my-username,Change-my-username (???)
citizen-seven,Rishat Iskhakov 
daniil-777,Daniil-777 (???)
dansam15,Dansam15 (???)
egozverev,Egor Zverev
eskidnov,Egor Skidnov
fateevda,Fateevda (???)
fedyaryabov,Fedor Ryabov
frizman04,Alexey Agafonov
gazon1,Maxim Drobin
gkorepanov,George Korepanov
gmorgachev,Gleb Morgachev 
gorpinich-m,Maria Gorpinich
hohlov06,Hohlov06 (???)
inasedkin,Ivan Nasedkin
irina-nesterova,Irina Nesterova
ivan23kor,Ivan Korostelev
kachkov98,Sergei Kachkov 
kokosin4ik,Eugene Dyachkov
krimmkr,Krimmkr  (???)
kulackov-yaroslaw,Yaroslaw Kulackov
lily86,Liliya Mironova 
lit-leo,Leonid Litovchenko 
lobsterdak,Maks Piskun
loginov-ra,Roman Loginov
makarov-mv,Mikhail Makarov
maksimknp,Maksim Konoplev 
migonch,Mikhail Goncharov
mikhail-mikheev,Mikhail Mikheev
mrpriboi,Mrpriboi  (???)
nataboll,Nataboll  (???)
nestor-sukhodolskiy,nestor sukhodolskiy (???)
nikita-bozhedomov,Nikita Bozhedomov
nina-vishnyakova,Nina Vishnyakova
niquepolice,Niquepolice  (???)
orchanin,Evgeniy Dyachkov
ottogin,Artem Lukoyanov 
pashakvasha,Pashakvasha  (???)
pesha1769,Pavel Fedosov 
phyztech,Valentine Rodionov 
pilot7747,Nikita Pavlichenko
polinakud13,Polinakud13  (???)
prog-autom,Anton Khritankov
r-isachenko,Roman Isachenko
rayaraya,Rayaraya  (???)
rkhomenko,Roman Khomenko
russkin-alexey,Alexey Russkin
severilov,Pavel Severilov 
shashist,Alexey Grishanov
silug109,Mikhail Mazurov
sn0wbars,Sn0wbars  (???)
svboeing,Svboeing  (???)
sveta-matveeva,Svetlana Matveeva
taranov-sergey,Sergey Taranov
tatiana-lipnitckaia,Tatiana Lipnitckaia
ttgadaev,Tamaz Gadaev
valentine-akhiarov,Valentine Akhiarov
valukov-alex,Alexey Valukov 
velik97,Nikita Velikovskiy
vgorchakov,Vyacheslav Gorchakov
vladislavpikinevich,Vladislav Pikinevich
vshokorov,Vyacheslav Shokorov
xtonev,Xtonev  (???)
yaknikush,Nikita Yakushevskiy
yamalutdinovav,Artem Yamalutdinov
